{"cameraMode":{"drawMode":0,"name":"Shaded","section":"Shading Mode"},"sceneLighting":false,"audioPlay":false,"sceneViewState":{"showFog":true,"showMaterialUpdate":false,"showSkybox":false,"showFlares":true,"showImageEffects":true,"showParticleSystems":true},"in2DMode":false,"pivot":{"x":8.027288436889649,"y":0.5,"z":-13.375070571899414},"rotation":{"x":0.0017822914524003864,"y":0.667245626449585,"z":-0.0016041232738643885,"w":0.7448447346687317},"size":1.1782102584838868,"orthographic":false}