{"cameraMode":{"drawMode":0,"name":"Shaded","section":"Shading Mode"},"sceneLighting":false,"audioPlay":false,"sceneViewState":{"showFog":true,"showMaterialUpdate":false,"showSkybox":false,"showFlares":true,"showImageEffects":true,"showParticleSystems":true},"in2DMode":false,"pivot":{"x":8.544658660888672,"y":0.5670559406280518,"z":-13.068634986877442},"rotation":{"x":0.16937674582004548,"y":-0.7332780361175537,"z":0.1977381557226181,"w":0.6281040906906128},"size":1.2028005123138428,"orthographic":false}